{"spot_diameter_fullres": 129.91675053093022, "tissue_hires_scalef": 0.12528974, "fiducial_diameter_fullres": 209.86552008842574, "tissue_lowres_scalef": 0.03758692}